titulo,ordem,ano_estreia,ano_encerramento,episodios,classificacao_indicativa,nota_imdb,link,popularidade,id
Breaking Bad,1,2008,2013.0,62,16,9.5,https://www.imdb.com/pt/title/tt0903747/?ref_=chttvtp_i_1,18.0,1
Planeta Terra II,2,2016,,66,10,9.4,https://www.imdb.com/pt/title/tt5491994/?ref_=chttvtp_i_2,597.0,2
Planeta Terra,3,2006,,11,0,9.4,https://www.imdb.com/pt/title/tt0795176/?ref_=chttvtp_i_3,892.0,3
Irmãos de Guerra,4,2001,,10,14,9.4,https://www.imdb.com/pt/title/tt0185906/?ref_=chttvtp_i_4,159.0,4
Chernobyl,5,2019,,95,16,9.3,https://www.imdb.com/pt/title/tt7366338/?ref_=chttvtp_i_5,129.0,5
A Escuta,6,2002,2008.0,60,16,9.3,https://www.imdb.com/pt/title/tt0306414/?ref_=chttvtp_i_6,83.0,6
Avatar: A Lenda de Aang,7,2005,2008.0,62,0,9.3,https://www.imdb.com/pt/title/tt0417299/?ref_=chttvtp_i_7,274.0,7
Família Soprano,8,1999,2007.0,86,16,9.2,https://www.imdb.com/pt/title/tt0141842/?ref_=chttvtp_i_8,42.0,8
Planeta Azul II,9,2017,,77,0,9.3,https://www.imdb.com/pt/title/tt6769208/?ref_=chttvtp_i_9,1.519,9
Cosmos: Uma Odisseia do Espaço-Tempo,10,2014,,13,0,9.2,https://www.imdb.com/pt/title/tt2395695/?ref_=chttvtp_i_10,787.0,10
Cosmos,11,1980,,13,0,9.3,https://www.imdb.com/pt/title/tt0081846/?ref_=chttvtp_i_11,1.318,11
Nosso Planeta,12,2019,2023.0,12,10,9.2,https://www.imdb.com/pt/title/tt9253866/?ref_=chttvtp_i_12,1.345,12
Game of Thrones,13,2011,2019.0,74,16,9.2,https://www.imdb.com/pt/title/tt0944947/?ref_=chttvtp_i_13,21.0,13
Bluey,14,2018,,95,0,9.3,https://www.imdb.com/pt/title/tt7678620/?ref_=chttvtp_i_14,432.0,14
O Mundo em Guerra,15,1973,1974.0,26,0,9.2,https://www.imdb.com/pt/title/tt0071075/?ref_=chttvtp_i_15,1.211,15
Fullmetal Alchemist: Brotherhood,16,2009,2010.0,68,14,9.1,https://www.imdb.com/pt/title/tt1355642/?ref_=chttvtp_i_16,317.0,16
Vida,17,2009,,11,0,9.1,https://www.imdb.com/pt/title/tt1533395/?ref_=chttvtp_i_17,1.084,17
Attack on Titan,18,2013,2023.0,98,18,9.1,https://www.imdb.com/pt/title/tt2560140/?ref_=chttvtp_i_18,50.0,18
Arremesso Final,19,2020,,10,16,9.0,https://www.imdb.com/pt/title/tt8420184/?ref_=chttvtp_i_19,786.0,19
Rick e Morty,20,2013,,85,16,9.0,https://www.imdb.com/pt/title/tt2861424/?ref_=chttvtp_i_20,109.0,20
Além da Imaginação,21,1959,1964.0,56,12,9.0,https://www.imdb.com/pt/title/tt0052520/?ref_=chttvtp_i_21,262.0,21
A Guerra do Vietnã,22,2017,,10,0,9.1,https://www.imdb.com/pt/title/tt1877514/?ref_=chttvtp_i_22,858.0,22
Sherlock,23,2010,2017.0,15,14,9.0,https://www.imdb.com/pt/title/tt1475582/?ref_=chttvtp_i_23,155.0,23
Batman: A Série Animada,24,1992,1995.0,85,0,9.0,https://www.imdb.com/pt/title/tt0103359/?ref_=chttvtp_i_24,427.0,24
Dexter: Ressurreição,25,2025,,11,18,9.1,https://www.imdb.com/pt/title/tt33043892/?ref_=chttvtp_i_25,24.0,25
Better Call Saul,26,2015,2022.0,63,14,9.0,https://www.imdb.com/pt/title/tt3032476/?ref_=chttvtp_i_26,51.0,26
Arcane,27,2021,2024.0,18,14,9.0,https://www.imdb.com/pt/title/tt11126994/?ref_=chttvtp_i_27,185.0,27
The Office - Vida de Escritório,28,2005,2013.0,88,12,9.0,https://www.imdb.com/pt/title/tt0386676/?ref_=chttvtp_i_28,62.0,28
Planeta Azul,29,2001,,18,0,9.0,https://www.imdb.com/pt/title/tt0296310/?ref_=chttvtp_i_29,2.542,29
Na Fazenda com Clarkson,30,2021,,33,12,9.0,https://www.imdb.com/pt/title/tt10541088/?ref_=chttvtp_i_30,611.0,30
Scam 1992: The Harshad Mehta Story,31,2020,,10,16,9.2,https://www.imdb.com/pt/title/tt12392504/?ref_=chttvtp_i_31,752.0,31
Planeta Gelado,32,2011,2012.0,10,0,9.0,https://www.imdb.com/pt/title/tt2092588/?ref_=chttvtp_i_32,2.16,32
Planeta Humano,33,2011,,18,0,9.0,https://www.imdb.com/pt/title/tt1806234/?ref_=chttvtp_i_33,2.747,33
Hunter x Hunter,34,2011,2014.0,48,14,9.0,https://www.imdb.com/pt/title/tt2098220/?ref_=chttvtp_i_34,325.0,34
Only Fools and Horses,35,1981,2003.0,64,0,9.0,https://www.imdb.com/pt/title/tt0081912/?ref_=chttvtp_i_35,711.0,35
Firefly,36,2002,2003.0,14,14,8.9,https://www.imdb.com/pt/title/tt0303461/?ref_=chttvtp_i_36,341.0,36
The Civil War,37,1990,,9,14,9.0,https://www.imdb.com/pt/title/tt0098769/?ref_=chttvtp_i_37,1.454,37
Death Note,38,2006,2007.0,37,18,8.9,https://www.imdb.com/pt/title/tt0877057/?ref_=chttvtp_i_38,292.0,38
Gravity Falls: Um Verão de Mistérios,39,2012,2016.0,41,0,8.9,https://www.imdb.com/pt/title/tt1865718/?ref_=chttvtp_i_39,484.0,39
Gibi,40,2021,2025.0,68,0,9.0,https://www.imdb.com/pt/title/tt13675832/?ref_=chttvtp_i_40,607.0,40
The Pitt,41,2025,,30,14,8.9,https://www.imdb.com/pt/title/tt31938062/?ref_=chttvtp_i_41,25.0,41
Seinfeld,42,1989,1998.0,72,0,8.9,https://www.imdb.com/pt/title/tt0098904/?ref_=chttvtp_i_42,191.0,42
Decálogo,43,1989,1990.0,10,16,8.9,https://www.imdb.com/pt/title/tt0092337/?ref_=chttvtp_i_43,1.103,43
The Beatles: Get Back,44,2021,,13,0,8.9,https://www.imdb.com/pt/title/tt9735318/?ref_=chttvtp_i_44,1.766,44
Cowboy Bebop,45,1998,1999.0,26,16,8.9,https://www.imdb.com/pt/title/tt0213338/?ref_=chttvtp_i_45,639.0,45
Nathan for You,46,2013,2017.0,32,14,8.9,https://www.imdb.com/pt/title/tt2297757/?ref_=chttvtp_i_46,1.11,46
True Detective,47,2014,,31,16,8.9,https://www.imdb.com/pt/title/tt2356777/?ref_=chttvtp_i_47,61.0,47
Taskmaster,48,2015,,92,14,9.0,https://www.imdb.com/pt/title/tt4934214/?ref_=chttvtp_i_48,441.0,48
Fargo,49,2014,2024.0,51,16,8.8,https://www.imdb.com/pt/title/tt2802850/?ref_=chttvtp_i_49,102.0,49
Frieren e a Jornada para o Além,50,2023,,29,14,8.9,https://www.imdb.com/pt/title/tt22248376/?ref_=chttvtp_i_50,399.0,50
Sahsiyet,51,2018,2024.0,22,0,8.9,https://www.imdb.com/pt/title/tt7920978/?ref_=chttvtp_i_51,928.0,51
Apocalipse: Redescobrindo a Segunda Guerra Mundial,52,2009,,96,16,9.0,https://www.imdb.com/pt/title/tt1508238/?ref_=chttvtp_i_52,1.887,52
África,53,2013,,37,0,8.9,https://www.imdb.com/pt/title/tt2571774/?ref_=chttvtp_i_53,3.051,53
Olhos que Condenam,54,2019,,94,16,8.8,https://www.imdb.com/pt/title/tt7137906/?ref_=chttvtp_i_54,714.0,54
Friends,55,1994,2004.0,35,12,8.9,https://www.imdb.com/pt/title/tt0108778/?ref_=chttvtp_i_55,94.0,55
Last Week Tonight with John Oliver,56,2014,,95,14,8.8,https://www.imdb.com/pt/title/tt3530232/?ref_=chttvtp_i_56,1.111,56
It's Always Sunny in Philadelphia,57,2005,,78,16,8.8,https://www.imdb.com/pt/title/tt0472954/?ref_=chttvtp_i_57,92.0,57
West Wing: Nos Bastidores do Poder,58,1999,2006.0,55,12,8.9,https://www.imdb.com/pt/title/tt0200276/?ref_=chttvtp_i_58,277.0,58
One Piece,59,1999,1163.0,63,12,9.0,https://www.imdb.com/pt/title/tt0388629/?ref_=chttvtp_i_59,37.0,59
Succession,60,2018,2023.0,39,16,8.8,https://www.imdb.com/pt/title/tt7660850/?ref_=chttvtp_i_60,98.0,60
TVF Pitchers,61,2015,2022.0,10,0,9.1,https://www.imdb.com/pt/title/tt4742876/?ref_=chttvtp_i_61,1.944,61
Segura a Onda,62,2000,2024.0,20,14,8.8,https://www.imdb.com/pt/title/tt0264235/?ref_=chttvtp_i_62,316.0,62
Monty Python's Flying Circus,63,1969,1974.0,45,14,8.8,https://www.imdb.com/pt/title/tt0063929/?ref_=chttvtp_i_63,2.055,63
SU-Boots: Submersos Em Guerras,64,1985,,53,14,8.8,https://www.imdb.com/pt/title/tt0081834/?ref_=chttvtp_i_64,2.119,64
BoJack Horseman,65,2014,2020.0,76,16,8.8,https://www.imdb.com/pt/title/tt3398228/?ref_=chttvtp_i_65,261.0,65
Fawlty Towers,66,1975,1979.0,12,0,8.8,https://www.imdb.com/pt/title/tt0072500/?ref_=chttvtp_i_66,630.0,66
Bleach: Thousand-Year Blood War,67,2022,,41,12,9.0,https://www.imdb.com/pt/title/tt14986406/?ref_=chttvtp_i_67,522.0,67
Panchayat,68,2020,,32,14,9.0,https://www.imdb.com/pt/title/tt12004706/?ref_=chttvtp_i_68,881.0,68
Se a Vida te Der Tangerinas...,69,2025,,16,14,9.1,https://www.imdb.com/pt/title/tt26471411/?ref_=chttvtp_i_69,371.0,69
Dragon Ball Z,70,1996,2003.0,77,12,8.8,https://www.imdb.com/pt/title/tt0214341/?ref_=chttvtp_i_70,780.0,70
Blackadder Goes Forth,71,1989,,96,0,8.8,https://www.imdb.com/pt/title/tt0096548/?ref_=chttvtp_i_71,1.835,71
The Chosen - Os Escolhidos,72,2017,,44,16,9.1,https://www.imdb.com/pt/title/tt5622316/?ref_=chttvtp_i_72,205.0,72
Leyla e Mecnun,73,2011,2023.0,44,0,9.0,https://www.imdb.com/pt/title/tt1831164/?ref_=chttvtp_i_73,1.974,73
Freaks & Geeks,74,1999,2000.0,18,12,8.8,https://www.imdb.com/pt/title/tt0193676/?ref_=chttvtp_i_74,589.0,74
Dragon Ball Z,75,1989,1996.0,91,12,8.8,https://www.imdb.com/pt/title/tt0121220/?ref_=chttvtp_i_75,1.702,75
Orgulho e Preconceito,76,1995,,56,0,8.8,https://www.imdb.com/pt/title/tt0112130/?ref_=chttvtp_i_76,696.0,76
Gullak,77,2019,,20,0,9.1,https://www.imdb.com/pt/title/tt10530900/?ref_=chttvtp_i_77,1.715,77
Vinland Saga,78,2019,2023.0,48,18,8.8,https://www.imdb.com/pt/title/tt10233448/?ref_=chttvtp_i_78,301.0,78
Twin Peaks,79,1990,1991.0,30,14,8.7,https://www.imdb.com/pt/title/tt0098936/?ref_=chttvtp_i_79,164.0,79
Chappelle's Show,80,2003,2006.0,33,16,8.8,https://www.imdb.com/pt/title/tt0353049/?ref_=chttvtp_i_80,1.785,80
Narcos,81,2015,2017.0,30,16,8.7,https://www.imdb.com/pt/title/tt2707408/?ref_=chttvtp_i_81,308.0,81
"Eu, Cláudio",82,1976,,13,0,8.8,https://www.imdb.com/pt/title/tt0074006/?ref_=chttvtp_i_82,1.878,82
South Park,83,1997,,35,16,8.7,https://www.imdb.com/pt/title/tt0121955/?ref_=chttvtp_i_83,49.0,83
Responde 1988,84,2015,2016.0,20,0,9.0,https://www.imdb.com/pt/title/tt5182866/?ref_=chttvtp_i_84,1.376,84
A Fábrica de Kota,85,2019,2021.0,15,0,9.0,https://www.imdb.com/pt/title/tt9432978/?ref_=chttvtp_i_85,1.866,85
Ted Lasso,86,2020,,44,14,8.8,https://www.imdb.com/pt/title/tt10986410/?ref_=chttvtp_i_86,87.0,86
O Segredo Além do Jardim,87,2014,,10,10,8.7,https://www.imdb.com/pt/title/tt3718778/?ref_=chttvtp_i_87,428.0,87
Black Mirror,88,2011,,33,16,8.7,https://www.imdb.com/pt/title/tt2085059/?ref_=chttvtp_i_88,57.0,88
Meu Companheiro,89,2018,,16,16,9.0,https://www.imdb.com/pt/title/tt7923710/?ref_=chttvtp_i_89,1.577,89
Steins;Gate,90,2011,2015.0,26,12,8.8,https://www.imdb.com/pt/title/tt1910272/?ref_=chttvtp_i_90,799.0,90
"Peaky Blinders: Sangue, Apostas e Navalhas",91,2013,2022.0,36,16,8.7,https://www.imdb.com/pt/title/tt2442560/?ref_=chttvtp_i_91,91.0,91
Berserk,92,1997,1998.0,25,16,8.7,https://www.imdb.com/pt/title/tt0318871/?ref_=chttvtp_i_92,555.0,92
A Sete Palmos,93,2001,2005.0,63,18,8.7,https://www.imdb.com/pt/title/tt0248654/?ref_=chttvtp_i_93,207.0,93
Roma,94,2005,2007.0,22,16,8.7,https://www.imdb.com/pt/title/tt0384766/?ref_=chttvtp_i_94,395.0,94
Oz,95,1997,2003.0,56,18,8.7,https://www.imdb.com/pt/title/tt0118421/?ref_=chttvtp_i_95,473.0,95
X-Men '97,96,2024,,12,14,8.7,https://www.imdb.com/pt/title/tt16026746/?ref_=chttvtp_i_96,728.0,96
Dark,97,2017,2020.0,26,16,8.7,https://www.imdb.com/pt/title/tt5753856/?ref_=chttvtp_i_97,135.0,97
Fleabag,98,2016,2019.0,12,16,8.7,https://www.imdb.com/pt/title/tt5687612/?ref_=chttvtp_i_98,397.0,98
Downton Abbey,99,2010,2015.0,52,12,8.7,https://www.imdb.com/pt/title/tt1606375/?ref_=chttvtp_i_99,59.0,99
The Shield: Acima da Lei,100,2002,2008.0,89,16,8.7,https://www.imdb.com/pt/title/tt0286486/?ref_=chttvtp_i_100,470.0,100
The Grand Tour,101,2016,2024.0,46,16,8.7,https://www.imdb.com/pt/title/tt5712554/?ref_=chttvtp_i_101,1.252,101
Battlestar Galactica,102,2004,2009.0,74,16,8.7,https://www.imdb.com/pt/title/tt0407362/?ref_=chttvtp_i_102,508.0,102
Monster,103,2004,2005.0,75,16,8.7,https://www.imdb.com/pt/title/tt0434706/?ref_=chttvtp_i_103,481.0,103
Peep Show,104,2003,2015.0,54,16,8.7,https://www.imdb.com/pt/title/tt0387764/?ref_=chttvtp_i_104,783.0,104
Naruto Shippuden,105,2007,2017.0,1,14,8.7,https://www.imdb.com/pt/title/tt0988824/?ref_=chttvtp_i_105,326.0,105
Mad Men: Inventando Verdades,106,2007,2015.0,92,16,8.7,https://www.imdb.com/pt/title/tt0804503/?ref_=chttvtp_i_106,161.0,106
Samurai de Olhos Azuis,107,2023,,9,18,8.7,https://www.imdb.com/pt/title/tt13309742/?ref_=chttvtp_i_107,498.0,107
Invencível,108,2021,,26,18,8.7,https://www.imdb.com/pt/title/tt6741278/?ref_=chttvtp_i_108,187.0,108
Jornada nas Estrelas: A Nova Geração,109,1987,1994.0,76,0,8.7,https://www.imdb.com/pt/title/tt0092455/?ref_=chttvtp_i_109,189.0,109
Os Simpsons,110,1989,,56,12,8.6,https://www.imdb.com/pt/title/tt0096697/?ref_=chttvtp_i_110,145.0,110
Ruptura,111,2022,,20,16,8.7,https://www.imdb.com/pt/title/tt11280740/?ref_=chttvtp_i_111,52.0,111
Dr. House,112,2004,2012.0,76,14,8.7,https://www.imdb.com/pt/title/tt0412142/?ref_=chttvtp_i_112,71.0,112
Liga da Justiça sem Limites,113,2004,2006.0,39,0,8.7,https://www.imdb.com/pt/title/tt6025022/?ref_=chttvtp_i_113,1.615,113
The Adventures of Sherlock Holmes,114,1984,1985.0,13,0,8.7,https://www.imdb.com/pt/title/tt0086661/?ref_=chttvtp_i_114,1.574,114
Arrested Development,115,2003,2019.0,84,0,8.6,https://www.imdb.com/pt/title/tt0367279/?ref_=chttvtp_i_115,271.0,115
Mahabharat,116,1988,1990.0,94,14,8.9,https://www.imdb.com/pt/title/tt0158417/?ref_=chttvtp_i_116,2.405,116
One Punch Man,117,2015,,39,12,8.6,https://www.imdb.com/pt/title/tt4508902/?ref_=chttvtp_i_117,457.0,117
Line of Duty,118,2012,2026.0,37,16,8.7,https://www.imdb.com/pt/title/tt2303687/?ref_=chttvtp_i_118,377.0,118
Friday Night Lights,119,2006,2011.0,76,14,8.7,https://www.imdb.com/pt/title/tt0758745/?ref_=chttvtp_i_119,358.0,119
Top Gear,120,2002,2022.0,28,0,8.7,https://www.imdb.com/pt/title/tt1628033/?ref_=chttvtp_i_120,1.257,120
Maravilhosa Sra. Maisel,121,2017,2023.0,43,16,8.7,https://www.imdb.com/pt/title/tt5788792/?ref_=chttvtp_i_121,310.0,121
How to with John Wilson,122,2020,2023.0,18,0,8.7,https://www.imdb.com/pt/title/tt10801534/?ref_=chttvtp_i_122,2.391,122
Stranger Things,123,2016,2025.0,42,14,8.6,https://www.imdb.com/pt/title/tt4574334/?ref_=chttvtp_i_123,26.0,123
The Boys,124,2019,,40,16,8.6,https://www.imdb.com/pt/title/tt1190634/?ref_=chttvtp_i_124,36.0,124
The Thick of It,125,2005,2012.0,24,0,8.7,https://www.imdb.com/pt/title/tt0459159/?ref_=chttvtp_i_125,1.331,125
This Is Us: Histórias de Família,126,2016,2022.0,6,14,8.7,https://www.imdb.com/pt/title/tt5555260/?ref_=chttvtp_i_126,342.0,126
Aspirants,127,2021,,10,0,9.1,https://www.imdb.com/pt/title/tt14392248/?ref_=chttvtp_i_127,1.573,127
Ramayan,128,1987,1988.0,78,14,9.0,https://www.imdb.com/pt/title/tt0268093/?ref_=chttvtp_i_128,3.515,128
Code Geass: Lelouch of the Rebellion,129,2006,2008.0,54,18,8.7,https://www.imdb.com/pt/title/tt0994314/?ref_=chttvtp_i_129,637.0,129
Father Ted,130,1995,1998.0,25,14,8.6,https://www.imdb.com/pt/title/tt0111958/?ref_=chttvtp_i_130,1.65,130
1883,131,2021,2022.0,10,16,8.7,https://www.imdb.com/pt/title/tt13991232/?ref_=chttvtp_i_131,104.0,131
Behzat Ç.,132,2010,2019.0,5,14,8.8,https://www.imdb.com/pt/title/tt1795096/?ref_=chttvtp_i_132,2.105,132
Hora de Aventura,133,2010,2018.0,89,10,8.6,https://www.imdb.com/pt/title/tt1305826/?ref_=chttvtp_i_133,452.0,133
Dexter,134,2006,2013.0,96,18,8.6,https://www.imdb.com/pt/title/tt0773262/?ref_=chttvtp_i_134,23.0,134
Parks and Recreation,135,2009,2015.0,24,0,8.6,https://www.imdb.com/pt/title/tt1266020/?ref_=chttvtp_i_135,156.0,135
Arquivo X,136,1993,2018.0,17,16,8.6,https://www.imdb.com/pt/title/tt0106179/?ref_=chttvtp_i_136,134.0,136
Sarabhai V/S Sarabhai,137,2004,2017.0,79,0,8.9,https://www.imdb.com/pt/title/tt1518542/?ref_=chttvtp_i_137,4.241,137
Mr Inbetween,138,2018,2021.0,26,18,8.7,https://www.imdb.com/pt/title/tt7472896/?ref_=chttvtp_i_138,464.0,138
Atlanta,139,2016,2022.0,41,16,8.6,https://www.imdb.com/pt/title/tt4288182/?ref_=chttvtp_i_139,417.0,139
Hajime no Ippo,140,2000,2002.0,76,12,8.8,https://www.imdb.com/pt/title/tt0481256/?ref_=chttvtp_i_140,1.42,140
Deadwood: Cidade sem Lei,141,2004,2006.0,36,16,8.6,https://www.imdb.com/pt/title/tt0348914/?ref_=chttvtp_i_141,385.0,141
The Mandalorian,142,2019,,25,12,8.6,https://www.imdb.com/pt/title/tt8111088/?ref_=chttvtp_i_142,133.0,142
House of Cards,143,2013,2018.0,73,16,8.6,https://www.imdb.com/pt/title/tt1856010/?ref_=chttvtp_i_143,275.0,143
The Crown,144,2016,2023.0,60,12,8.6,https://www.imdb.com/pt/title/tt4786824/?ref_=chttvtp_i_144,170.0,144
Demolidor,145,2015,2018.0,39,18,8.6,https://www.imdb.com/pt/title/tt3322312/?ref_=chttvtp_i_145,305.0,145
It's a Sin,146,2021,,15,16,8.6,https://www.imdb.com/pt/title/tt9140342/?ref_=chttvtp_i_146,1.764,146
The Bridge,147,2011,2018.0,38,14,8.6,https://www.imdb.com/pt/title/tt1733785/?ref_=chttvtp_i_147,608.0,147
Poirot,148,1989,2013.0,70,14,8.6,https://www.imdb.com/pt/title/tt0094525/?ref_=chttvtp_i_148,349.0,148
Primal,149,2019,,21,16,8.6,https://www.imdb.com/pt/title/tt10332508/?ref_=chttvtp_i_149,1.067,149
Mindhunter,150,2017,2019.0,19,16,8.6,https://www.imdb.com/pt/title/tt5290382/?ref_=chttvtp_i_150,168.0,150
Blackadder II,151,1986,,66,0,8.6,https://www.imdb.com/pt/title/tt0088484/?ref_=chttvtp_i_151,2.286,151
Os Pistoleiros do Oeste,152,1989,,94,14,8.7,https://www.imdb.com/pt/title/tt0096639/?ref_=chttvtp_i_152,866.0,152
Mr. Bean,153,1990,1995.0,15,10,8.6,https://www.imdb.com/pt/title/tt0096657/?ref_=chttvtp_i_153,1.25,153
Xógum: A Gloriosa Saga do Japão,154,2024,2026.0,12,16,8.6,https://www.imdb.com/pt/title/tt2788316/?ref_=chttvtp_i_154,210.0,154
Haikyu!!,155,2014,2020.0,89,10,8.7,https://www.imdb.com/pt/title/tt3398540/?ref_=chttvtp_i_155,959.0,155
The Offer,156,2022,,10,18,8.6,https://www.imdb.com/pt/title/tt13111040/?ref_=chttvtp_i_156,606.0,156
The Return of Sherlock Holmes,157,1986,1988.0,11,0,8.7,https://www.imdb.com/pt/title/tt0090509/?ref_=chttvtp_i_157,2.771,157
Pose,158,2018,2021.0,26,16,8.6,https://www.imdb.com/pt/title/tt7562112/?ref_=chttvtp_i_158,1.798,158
Pousando no Amor,159,2019,2020.0,19,14,8.7,https://www.imdb.com/pt/title/tt10850932/?ref_=chttvtp_i_159,831.0,159
Chaves,160,1972,1983.0,58,0,8.7,https://www.imdb.com/pt/title/tt0229889/?ref_=chttvtp_i_160,2.947,160
Pinguim,161,2024,,48,16,8.6,https://www.imdb.com/pt/title/tt15435876/?ref_=chttvtp_i_161,140.0,161
Yes Minister,162,1980,1984.0,22,0,8.6,https://www.imdb.com/pt/title/tt0080306/?ref_=chttvtp_i_162,3.962,162
Gomorra: La serie,163,2014,2021.0,58,16,8.6,https://www.imdb.com/pt/title/tt2049116/?ref_=chttvtp_i_163,1.113,163
The Jinx: A Vida e as Mortes de Robert Durst,164,2015,2024.0,12,16,8.6,https://www.imdb.com/pt/title/tt4299972/?ref_=chttvtp_i_164,957.0,164
Le Bureau des Légendes,165,2015,2020.0,50,0,8.7,https://www.imdb.com/pt/title/tt4063800/?ref_=chttvtp_i_165,861.0,165
Blackadder the Third,166,1987,,76,0,8.6,https://www.imdb.com/pt/title/tt0092324/?ref_=chttvtp_i_166,2.895,166
Grandes Momentos da Segunda Guerra em Cores,167,2019,,10,16,8.6,https://www.imdb.com/pt/title/tt9103932/?ref_=chttvtp_i_167,3.533,167
Planeta dos Abutres,168,2023,,12,16,8.6,https://www.imdb.com/pt/title/tt21056886/?ref_=chttvtp_i_168,973.0,168
Anne com um E,169,2017,2019.0,27,12,8.6,https://www.imdb.com/pt/title/tt5421602/?ref_=chttvtp_i_169,708.0,169
The Newsroom,170,2012,2014.0,25,14,8.6,https://www.imdb.com/pt/title/tt1870479/?ref_=chttvtp_i_170,463.0,170
Homicídio,171,1993,1999.0,22,14,8.7,https://www.imdb.com/pt/title/tt0106028/?ref_=chttvtp_i_171,635.0,171
Boardwalk Empire: O Império do Contrabando,172,2010,2014.0,56,16,8.6,https://www.imdb.com/pt/title/tt0979432/?ref_=chttvtp_i_172,265.0,172
Critical Role,173,2015,,79,14,9.0,https://www.imdb.com/pt/title/tt4834232/?ref_=chttvtp_i_173,2.222,173
Archer,174,2009,2023.0,43,12,8.6,https://www.imdb.com/pt/title/tt1486217/?ref_=chttvtp_i_174,560.0,174
Dopesick,175,2021,,18,16,8.6,https://www.imdb.com/pt/title/tt9174558/?ref_=chttvtp_i_175,681.0,175
Andor,176,2022,2025.0,24,14,8.6,https://www.imdb.com/pt/title/tt9253284/?ref_=chttvtp_i_176,70.0,176
Yeh Meri Family,177,2018,,22,14,8.9,https://www.imdb.com/pt/title/tt8595766/?ref_=chttvtp_i_177,3.931,177
Mystery Science Theater 3000,178,1988,1999.0,99,14,8.6,https://www.imdb.com/pt/title/tt0094517/?ref_=chttvtp_i_178,2.615,178
Justificado,179,2010,2015.0,78,16,8.6,https://www.imdb.com/pt/title/tt1489428/?ref_=chttvtp_i_179,240.0,179
O Show do Pernalonga,180,1960,1975.0,78,0,8.6,https://www.imdb.com/pt/title/tt0053488/?ref_=chttvtp_i_180,3.824,180
Homem de Família,181,2019,,20,16,8.7,https://www.imdb.com/pt/title/tt9544034/?ref_=chttvtp_i_181,1.089,181
QI,182,2003,,58,0,8.6,https://www.imdb.com/pt/title/tt0380136/?ref_=chttvtp_i_182,2.854,182
Justiça Jovem,183,2010,2022.0,98,10,8.6,https://www.imdb.com/pt/title/tt1641384/?ref_=chttvtp_i_183,1.177,183
Demon Slayer: Kimetsu no Yaiba,184,2019,2024.0,63,12,8.6,https://www.imdb.com/pt/title/tt9335498/?ref_=chttvtp_i_184,45.0,184
O Que Fazemos nas Sombras,185,2019,2024.0,61,14,8.6,https://www.imdb.com/pt/title/tt7908628/?ref_=chttvtp_i_185,356.0,185
Battlestar Galactica,186,2003,,32,14,8.5,https://www.imdb.com/pt/title/tt0314979/?ref_=chttvtp_i_186,2.159,186
Dragon Ball,187,1986,1989.0,53,12,8.5,https://www.imdb.com/pt/title/tt0088509/?ref_=chttvtp_i_187,1.756,187
Liga da Justiça,188,2001,2004.0,52,0,8.5,https://www.imdb.com/pt/title/tt0275137/?ref_=chttvtp_i_188,1.606,188
A Maldição da Residência Hill,189,2018,,10,16,8.5,https://www.imdb.com/pt/title/tt6763664/?ref_=chttvtp_i_189,222.0,189
Endeavour,190,2012,2023.0,36,12,8.6,https://www.imdb.com/pt/title/tt2701582/?ref_=chttvtp_i_190,610.0,190
Dragon Ball,191,1995,2003.0,53,0,8.5,https://www.imdb.com/pt/title/tt0280249/?ref_=chttvtp_i_191,1.43,191
"Yes, Prime Minister",192,1986,1987.0,16,0,8.6,https://www.imdb.com/pt/title/tt0086831/?ref_=chttvtp_i_192,4.075,192
Os Irmãos Aventura,193,2003,2018.0,86,14,8.6,https://www.imdb.com/pt/title/tt0417373/?ref_=chttvtp_i_193,1.64,193
Samurai Champloo,194,2004,2005.0,26,0,8.5,https://www.imdb.com/pt/title/tt0423731/?ref_=chttvtp_i_194,1.475,194
Flight of the Conchords,195,2007,2009.0,22,16,8.5,https://www.imdb.com/pt/title/tt0863046/?ref_=chttvtp_i_195,1.915,195
O Ensaio,196,2022,,12,16,8.5,https://www.imdb.com/pt/title/tt10802170/?ref_=chttvtp_i_196,727.0,196
Sol Negro,197,2017,2020.0,20,16,8.8,https://www.imdb.com/pt/title/tt6108262/?ref_=chttvtp_i_197,2.729,197
The IT Crowd,198,2006,2013.0,25,14,8.5,https://www.imdb.com/pt/title/tt0487831/?ref_=chttvtp_i_198,790.0,198
O Gambito da Rainha,199,2020,,7,16,8.5,https://www.imdb.com/pt/title/tt10048342/?ref_=chttvtp_i_199,381.0,199
Coupling,200,2000,2004.0,28,14,8.5,https://www.imdb.com/pt/title/tt0237123/?ref_=chttvtp_i_200,1.901,200
Mr. Robot: Sociedade Hacker,201,2015,2019.0,45,16,8.5,https://www.imdb.com/pt/title/tt4158110/?ref_=chttvtp_i_201,144.0,201
Rocket Boys,202,2022,,16,0,8.8,https://www.imdb.com/pt/title/tt13868972/?ref_=chttvtp_i_202,3.328,202
I'm Alan Partridge,203,1997,2002.0,12,0,8.6,https://www.imdb.com/pt/title/tt0129690/?ref_=chttvtp_i_203,3.003,203
Samurai Jack,204,2001,2017.0,62,0,8.5,https://www.imdb.com/pt/title/tt0278238/?ref_=chttvtp_i_204,1.155,204
Detectoristas,205,2014,2022.0,20,10,8.6,https://www.imdb.com/pt/title/tt4082744/?ref_=chttvtp_i_205,1.562,205
Apenas um Show,206,2010,2017.0,44,12,8.6,https://www.imdb.com/pt/title/tt1710308/?ref_=chttvtp_i_206,774.0,206
Ezel,207,2009,2011.0,71,12,8.6,https://www.imdb.com/pt/title/tt1534360/?ref_=chttvtp_i_207,1.598,207
Making a Murderer,208,2015,2018.0,20,16,8.5,https://www.imdb.com/pt/title/tt5189670/?ref_=chttvtp_i_208,1.954,208
Happy Valley,209,2014,2023.0,18,16,8.5,https://www.imdb.com/pt/title/tt3428912/?ref_=chttvtp_i_209,438.0,209
Em Duas Rodas com Ewan McGregor,210,2004,2010.0,10,0,8.6,https://www.imdb.com/pt/title/tt0403778/?ref_=chttvtp_i_210,3.159,210
Solo Leveling,211,2024,,26,16,8.6,https://www.imdb.com/pt/title/tt21209876/?ref_=chttvtp_i_211,231.0,211
The Last of Us,212,2023,,17,16,8.5,https://www.imdb.com/pt/title/tt3581920/?ref_=chttvtp_i_212,69.0,212
Derry Girls,213,2018,2022.0,19,14,8.5,https://www.imdb.com/pt/title/tt7120662/?ref_=chttvtp_i_213,491.0,213
Spaced,214,1999,2001.0,14,14,8.5,https://www.imdb.com/pt/title/tt0187664/?ref_=chttvtp_i_214,1.98,214
Tirando a Maior Onda,215,2011,,20,12,8.5,https://www.imdb.com/pt/title/tt2100976/?ref_=chttvtp_i_215,1.552,215
Mob Psycho 100,216,2016,2022.0,37,14,8.5,https://www.imdb.com/pt/title/tt5897304/?ref_=chttvtp_i_216,827.0,216
Twin Peaks,217,2017,,18,16,8.5,https://www.imdb.com/pt/title/tt4093826/?ref_=chttvtp_i_217,426.0,217
Filhos da Anarquia,218,2008,2014.0,92,16,8.5,https://www.imdb.com/pt/title/tt1124373/?ref_=chttvtp_i_218,141.0,218
Whose Line Is It Anyway?,219,1998,2007.0,20,0,8.5,https://www.imdb.com/pt/title/tt0163507/?ref_=chttvtp_i_219,2.579,219
Yellowstone,220,2018,2024.0,53,18,8.6,https://www.imdb.com/pt/title/tt4236770/?ref_=chttvtp_i_220,47.0,220
Mind Your Language,221,1977,1986.0,42,10,8.7,https://www.imdb.com/pt/title/tt0075537/?ref_=chttvtp_i_221,3.031,221
The Eric Andre Show,222,2012,,68,16,8.5,https://www.imdb.com/pt/title/tt2244495/?ref_=chttvtp_i_222,3.157,222
Louie,223,2010,2015.0,61,0,8.5,https://www.imdb.com/pt/title/tt1492966/?ref_=chttvtp_i_223,1.869,223
O Urso,224,2022,,39,14,8.5,https://www.imdb.com/pt/title/tt14452776/?ref_=chttvtp_i_224,63.0,224
Neon Genesis Evangelion,225,1995,1996.0,26,14,8.5,https://www.imdb.com/pt/title/tt0112159/?ref_=chttvtp_i_225,685.0,225
Através do Buraco de Minhoca,226,2010,2017.0,62,0,8.6,https://www.imdb.com/pt/title/tt1513168/?ref_=chttvtp_i_226,4.001,226
Jujutsu Kaisen,227,2020,,48,14,8.5,https://www.imdb.com/pt/title/tt12343534/?ref_=chttvtp_i_227,188.0,227
The Office,228,2001,2003.0,14,12,8.5,https://www.imdb.com/pt/title/tt0290978/?ref_=chttvtp_i_228,867.0,228
Alquimia das Almas,229,2022,2023.0,30,14,8.7,https://www.imdb.com/pt/title/tt20859920/?ref_=chttvtp_i_229,599.0,229
Trailer Park Boys,230,2001,2026.0,16,16,8.5,https://www.imdb.com/pt/title/tt0290988/?ref_=chttvtp_i_230,884.0,230
A Amiga Genial,231,2018,2024.0,34,16,8.6,https://www.imdb.com/pt/title/tt7278862/?ref_=chttvtp_i_231,1.204,231
Criaturas Grandes e Pequenas,232,2020,,39,0,8.6,https://www.imdb.com/pt/title/tt10590066/?ref_=chttvtp_i_232,266.0,232
Schitt's Creek,233,2015,2020.0,80,16,8.5,https://www.imdb.com/pt/title/tt3526078/?ref_=chttvtp_i_233,295.0,233
Silicon Valley,234,2014,2019.0,53,14,8.5,https://www.imdb.com/pt/title/tt2575988/?ref_=chttvtp_i_234,466.0,234
Brass Eye,235,1997,2001.0,17,0,8.6,https://www.imdb.com/pt/title/tt0118273/?ref_=chttvtp_i_235,3.374,235
The Expanse,236,2015,2022.0,62,14,8.5,https://www.imdb.com/pt/title/tt3230854/?ref_=chttvtp_i_236,242.0,236
Futurama,237,1999,,80,14,8.5,https://www.imdb.com/pt/title/tt0149460/?ref_=chttvtp_i_237,157.0,237
Fullmetal Alchemist,238,2003,2004.0,51,12,8.5,https://www.imdb.com/pt/title/tt0421357/?ref_=chttvtp_i_238,1.289,238
Rurôni Kenshin: Meiji kenkaku romantan - Tsuioku-hen,239,1999,,94,0,8.6,https://www.imdb.com/pt/title/tt0203082/?ref_=chttvtp_i_239,2.803,239
Avrupa Yakasi,240,2004,2009.0,90,0,8.6,https://www.imdb.com/pt/title/tt0421291/?ref_=chttvtp_i_240,3.73,240
Hannibal,241,2013,2015.0,39,18,8.5,https://www.imdb.com/pt/title/tt2243973/?ref_=chttvtp_i_241,230.0,241
Gintama,242,2005,2021.0,75,16,8.7,https://www.imdb.com/pt/title/tt0988818/?ref_=chttvtp_i_242,838.0,242
Skam,243,2015,2017.0,43,12,8.6,https://www.imdb.com/pt/title/tt5288312/?ref_=chttvtp_i_243,1.81,243
Shameless,244,2011,2021.0,34,18,8.5,https://www.imdb.com/pt/title/tt1586680/?ref_=chttvtp_i_244,73.0,244
O Pecado Original de Takopi,245,2025,,56,0,8.8,https://www.imdb.com/pt/title/tt36988358/?ref_=chttvtp_i_245,461.0,245
North & South,246,2004,,44,0,8.5,https://www.imdb.com/pt/title/tt0417349/?ref_=chttvtp_i_246,1.582,246
The Great British Bake Off,247,2010,,95,0,8.6,https://www.imdb.com/pt/title/tt1877368/?ref_=chttvtp_i_247,662.0,247
Wentworth - Por Trás das Grades,248,2013,2021.0,0,18,8.6,https://www.imdb.com/pt/title/tt2433738/?ref_=chttvtp_i_248,1.234,248
Doctor Who,249,2005,2022.0,75,10,8.5,https://www.imdb.com/pt/title/tt0436992/?ref_=chttvtp_i_249,154.0,249
Fórmula 1: Dirigir para Viver,250,2019,,71,14,8.5,https://www.imdb.com/pt/title/tt8289930/?ref_=chttvtp_i_250,1.327,250
